player_id,auc
949387,20627100.0
924125,37049800.0
82018,17500000.0
890532,84408600.0
296879,70000000.0
112935,35000000.0
959294,172030000.0
258246,12500000.0
271282,120000000.0
1168861,15588800.0
1281526,15587000.0
1009636,15439400.0
1118214,56340900.0
986892,19889900.0
1047410,54119800.0
940518,25909100.0
1034233,31848100.0
952771,60430400.0
1121041,31246700.0
1300866,23937900.0
1198049,2500000.0
1150980,84960700.0
78868,20000000.0
511246,70000000.0
1157179,19466300.0
1197270,22712200.0
964014,12500000.0
829738,22682300.0
1197271,22707400.0
1051162,27992500.0
939571,21510100.0
1147226,15487100.0
924093,19680200.0
1046236,22360400.0
960942,2500000.0
924095,22476300.0
1285215,16465600.0
924050,22422800.0
890733,46058300.0
924121,22396000.0
829311,19680200.0
922365,67356900.0
815637,23710600.0
692473,21849000.0
1009346,14013500.0
1268669,10419500.0
884068,14725900.0
786786,12943500.0
1024973,16774400.0
1005425,16553500.0
786791,13496500.0
679685,14709100.0
696982,15182800.0
897057,13995700.0
679686,14725900.0
897059,14725900.0
1014942,15386000.0
679688,12944700.0
1034126,8863500.0
1016675,13601600.0
679692,14709100.0
897070,16053000.0
897074,14709100.0
962166,15543700.0
794915,15103400.0
590491,36892300.0
907279,13279700.0
907299,12527800.0
973449,35000000.0
453796,7500000.0
1144028,7622900.0
930008,66119200.0
632147,25000000.0
1154047,27074100.0
202515,35000000.0
897423,186696500.0
533295,1200000000.0
1291185,24623800.0
1274553,21767800.0
1114155,32455800.0
1167667,30633500.0
1167813,29870600.0
1167825,29795800.0
1125703,48354200.0
1182056,29795800.0
995520,39264500.0
692737,700000000.0
1001214,37188100.0
934026,11184700.0
804067,51970700.0
703415,50395400.0
202788,250000000.0
56100,15000000.0
1071936,84519600.0
508780,150000000.0
296741,50000000.0
738005,31960400.0
930613,68804800.0
466802,1500000000.0
849428,85000000.0
579298,30000000.0
272402,2500000.0
766764,60111000.0
970392,55394700.0
1373497,32058500.0
1070009,54428900.0
1015607,54428900.0
734736,40000000.0
780548,600000000.0
1141848,32077500.0
952768,32365100.0
1193174,34838300.0
952770,32038700.0
1073632,31404400.0
400044,90000000.0
631448,47094500.0
826551,46922000.0
480445,20000000.0
446491,300000000.0
738770,113413200.0
918619,18198000.0
911358,16722100.0
1227315,34994400.0
1252495,30435000.0
1029758,5000000.0
1328288,31851100.0
1023784,30029400.0
1197773,177710500.0
701491,400000000.0
1000671,209237900.0
1123210,110282700.0
1022855,15792200.0
1005656,215449800.0
1005653,215970800.0
743831,217210300.0
671737,90691500.0
800919,74972300.0
1289929,210113300.0
950393,2500000.0
1228661,207710500.0
1356043,139169300.0
1015639,124523700.0
1245678,119739800.0
1253844,284173900.0
1089958,284173900.0
1220141,284173900.0
1220143,284173900.0
914705,34234000.0
277384,600000000.0
354482,700000000.0
1170286,600431700.0
813735,21087000.0
1246354,20489800.0
1138810,20818900.0
1330185,20787100.0
998682,68743700.0
1010548,26624900.0
1267824,20520400.0
590478,25000000.0
1039168,54474500.0
1209561,69504800.0
1163767,59322100.0
1136320,2500000.0
1171121,20997900.0
1048945,21429600.0
798284,5000000.0
1058844,21399100.0
1241022,139522100.0
1298374,139522100.0
570336,550000000.0
1015619,100000000.0
1048496,111081800.0
1310513,38719800.0
745590,86572700.0
891943,2500000.0
1179041,98844800.0
1281275,2500000.0
1276490,37756600.0
910855,35590500.0
1366185,38355700.0
639027,65000000.0
1015957,24235200.0
1004322,35961600.0
872694,34990300.0
1161177,37692200.0
1306974,40971700.0
875795,36579900.0
1315761,17881700.0
982971,55286300.0
1176119,27693100.0
199301,15000000.0
1163087,32283700.0
1376606,33003300.0
862753,50089900.0
894261,51227900.0
658112,68662500.0
1209551,61663600.0
1211582,71501000.0
1149462,71132700.0
716547,70826900.0
946962,55447300.0
559170,35000000.0
965163,42475200.0
1082625,244680700.0
1344099,148950000.0
75127,10000000.0
1294448,124185400.0
1000668,131634900.0
1235860,131027900.0
946883,700000000.0
33507,15000000.0
1073382,128248500.0
1178488,149007100.0
1101719,134272200.0
937845,44683200.0
1133952,38574700.0
1161829,31609700.0
656141,38571700.0
1094582,38574700.0
1253577,37415100.0
1082083,81357400.0
455181,400000000.0
728478,50000000.0
1147806,11868100.0
789671,13995800.0
1371529,35061500.0
195056,10000000.0
812010,35000000.0
339332,2000000000.0
1287116,20654500.0
653401,5000000.0
917931,20390900.0
923141,14163300.0
1196327,8805600.0
197929,1400000000.0
126729,400000000.0
449597,220000000.0
373618,37585600.0
913508,13588900.0
913511,12561500.0
447787,40342200.0
913506,12561500.0
913518,12732500.0
1040859,11800300.0
926193,12841800.0
913529,37215400.0
340381,37017600.0
1021377,2500000.0
1175827,2500000.0
917917,52269100.0
1282860,55880900.0
1133950,55095000.0
527589,90000000.0
643088,150000000.0
883865,211145500.0
404839,2000000000.0
587505,75000000.0
1066834,27375500.0
1031233,58289800.0
1073747,57443900.0
944582,89510700.0
1368324,27977700.0
138788,2500000.0
1310903,55045400.0
1184665,26152500.0
1197110,60854700.0
1054471,139106700.0
741501,158236400.0
763165,134260700.0
1162205,120577400.0
1193854,139328100.0
1356044,149030600.0
829836,46069200.0
1131810,5000000.0
907478,50750700.0
921065,28851000.0
917649,22217200.0
624064,22880200.0
933253,17002900.0
1035854,23340100.0
1166495,16461100.0
1017271,33228000.0
1130086,31614400.0
802547,33252500.0
1011469,55000000.0
930004,24642400.0
1010952,38297300.0
912431,59634200.0
910617,25095300.0
933765,43369800.0
289358,37503700.0
444475,39804800.0
930006,19614100.0
745598,53034700.0
897487,38439100.0
930010,22413900.0
806017,56121200.0
930012,20106000.0
578768,19393600.0
952777,42679900.0
1148978,43600000.0
1001482,42679900.0
1076521,42679900.0
1174140,137830100.0
944442,25000000.0
1044743,15000000.0
1054635,3000000.0
577416,1000000.0
205901,10000000.0
1309400,38600700.0
906576,77370700.0
809485,12544800.0
980339,24445300.0
969560,68780100.0
954104,117674000.0
581306,5000000.0
804572,7500000.0
1143097,32455500.0
1309326,92604300.0
950185,28076400.0
1378735,19157400.0
537287,39695100.0
1035040,38729600.0
973856,23669500.0
1180573,27946600.0
927963,94465300.0
686961,10000000.0
1272883,34242700.0
1068763,23397600.0
691805,36070800.0
927965,101408000.0
585964,125099800.0
927936,2500000.0
691784,37782700.0
66215,29497400.0
691783,23553200.0
1138036,59750800.0
1044284,58938800.0
1055216,60614700.0
1069511,60614700.0
1128265,42631400.0
1128264,24050400.0
420215,15000000.0
945685,32500000.0
660979,80000000.0
1189915,64930000.0
789389,30000000.0
191891,400000000.0
1222625,194891000.0
1097263,197722300.0
434073,32500000.0
1371325,2500000.0
1021418,37548000.0
1274056,37963500.0
830041,17603900.0
588646,61941700.0
927004,40555800.0
747328,48614000.0
746811,82579800.0
922410,29094600.0
937400,8044100.0
684847,48191900.0
800949,36322700.0
810346,45103600.0
1053148,352967400.0
810092,6000000000.0
838386,228524200.0
1223221,228524200.0
1127813,228524200.0
1219849,228160400.0
1202387,258707100.0
894157,5000000.0
1120368,16033100.0
1103926,8056100.0
1372721,2500000.0
800697,36581400.0
1308893,2500000.0
1372720,2500000.0
973852,80000000.0
1279526,74694200.0
1278607,91587200.0
1114549,66869000.0
1052339,2500000.0
1126257,50171200.0
921551,20000000.0
1358448,91014300.0
1358447,89761200.0
819384,21543800.0
549408,22209900.0
867711,120953400.0
183720,180000000.0
430280,600000000.0
997947,2500000.0
1082543,236926500.0
385271,500000000.0
1015973,99974800.0
1082602,236926500.0
1010862,18891000.0
427572,800000000.0
1200419,144872600.0
289255,500000000.0
1019928,79520700.0
1193844,80669300.0
1143504,81674600.0
1132396,75968800.0
923028,24100800.0
1360939,121891900.0
1050888,93140600.0
127987,280000000.0
1202417,121891900.0
1107073,23270800.0
1270749,23969100.0
1141461,27358400.0
992170,31090000.0
290533,60000000.0
1066827,5000000.0
1101914,45793500.0
1066830,45793500.0
1177817,45448300.0
1105528,74283200.0
1035199,39983200.0
951298,45448300.0
900482,26881600.0
985873,26831400.0
900479,26840300.0
1193796,26831200.0
1193797,26831200.0
1270259,63449300.0
1254974,2500000.0
1160108,5000000.0
1315374,45127600.0
1047100,67844800.0
606217,11559800.0
1011580,89287700.0
1049794,69765400.0
944289,87925100.0
895606,89165900.0
895484,90110800.0
1266097,34910400.0
899466,32512900.0
796884,48160300.0
1052276,22291900.0
1122597,135954700.0
188888,600000000.0
940015,9938000.0
178467,22500000.0
943770,11073700.0
1165470,9938000.0
1239008,35002600.0
1372150,36772200.0
1303491,35002600.0
1342229,35333200.0
1303488,19540300.0
1304866,19403000.0
1235543,19540300.0
1250313,25174800.0
808509,2800000000.0
333851,10000000.0
258951,7500000.0
1283185,16307300.0
1123201,16242500.0
185996,15000000.0
1042315,21630700.0
981082,33087900.0
1126891,43998100.0
1198430,10160800.0
1198206,9255200.0
699223,37251200.0
920667,10053900.0
1380663,2500000.0
1294527,6110500.0
1380666,2500000.0
695864,20803200.0
272916,12787100.0
550762,10185800.0
747540,45182400.0
1182970,8030100.0
637351,23076100.0
567910,37341600.0
1116466,16804100.0
1350716,14716500.0
537598,2200000000.0
178219,150000000.0
30670,25000000.0
765468,45000000.0
927369,107879500.0
836772,22614000.0
1377334,2500000.0
1377335,2500000.0
1290301,2500000.0
1049641,11773200.0
1124099,21979600.0
1124693,21914300.0
1070243,11773200.0
846114,37768900.0
631838,11527500.0
1139350,9789600.0
807947,15611800.0
85528,50000000.0
1143456,78379400.0
1284747,6304600.0
934668,6542700.0
1047408,12199300.0
1047401,12896900.0
332395,5000000.0
809685,10239200.0
405362,7259600.0
598278,11995700.0
1284748,2500000.0
813731,18348700.0
993205,6048300.0
392158,37370800.0
994644,29387100.0
1246651,2500000.0
833378,27041100.0
1197108,29654800.0
1346124,28848100.0
1112128,2500000.0
825683,40000000.0
941839,10634600.0
1308951,17820800.0
497359,20000000.0
1144857,31934700.0
940208,44393300.0
485588,50000000.0
1088035,117723600.0
668345,14353800.0
665548,30884500.0
1370129,16130400.0
1118055,30427200.0
921489,14166900.0
728729,22861200.0
1142471,16420900.0
995599,19754900.0
665545,34213100.0
1013475,137301200.0
363466,300000000.0
1192867,35507000.0
1065237,35507000.0
1266418,36169900.0
1264741,2500000.0
1168398,33617200.0
934617,32371000.0
713787,400000000.0
899093,47081400.0
948211,62804800.0
1291055,243020500.0
1271479,20401300.0
935007,20997100.0
1325401,19802600.0
993974,20747500.0
728394,35666600.0
906605,81310300.0
1265189,8981700.0
995142,9442200.0
1295878,10176900.0
684841,9355900.0
1166832,43181200.0
980817,89585600.0
1268037,91423800.0
1083228,52522400.0
1182962,2500000.0
1381213,2500000.0
1304356,78903800.0
1323285,76076100.0
1332993,76667200.0
1228248,48166900.0
1069936,44360100.0
1073439,44284100.0
1047261,362977500.0
1273785,32270300.0
1293968,32270300.0
857060,22500000.0
1237914,32270300.0
514514,50000000.0
1193542,30729000.0
733305,37161700.0
941441,32611600.0
1172787,30729000.0
888639,385244100.0
721097,43956000.0
1165225,18710000.0
1299765,18710000.0
960594,17377300.0
951952,21725500.0
905868,31945600.0
1367658,21622000.0
243744,42500000.0
1007215,33538400.0
917894,34552200.0
1040505,30365500.0
1364188,34535600.0
1372881,34866300.0
724276,53519400.0
805502,28249100.0
913419,27062700.0
1007221,34685000.0
804028,50622900.0
1289193,28433800.0
875660,38686000.0
1283494,33339300.0
1281380,33570300.0
993652,33752200.0
724057,33834600.0
629004,34063000.0
923837,47614100.0
1041091,27766500.0
1104755,33965500.0
1369023,36647400.0
1001234,37417700.0
1140195,36433600.0
916786,39485800.0
566357,38555000.0
727929,29500900.0
1046529,42855500.0
290601,34765400.0
1291826,35973800.0
687241,20000000.0
1058015,11217600.0
1143612,27101200.0
1183106,2500000.0
1251653,2500000.0
1283995,38319400.0
1126243,42542800.0
1018752,39368700.0
1126245,42624100.0
1269343,38269000.0
1040792,24345800.0
201497,15000000.0
1146719,21478200.0
842353,23531400.0
1209279,38087300.0
434514,45000000.0
211637,350000000.0
1093482,250933900.0
1238800,2500000.0
1169749,30915500.0
1365020,23002400.0
862568,57703400.0
923606,49077700.0
700013,42324600.0
250426,1600000000.0
1011738,644846400.0
447063,65310000.0
908779,171096400.0
670878,96675000.0
77274,30000000.0
1319673,14328000.0
658358,21946500.0
940156,22255100.0
1291163,24921000.0
1306619,5922900.0
1306686,24589400.0
383283,33350000.0
818273,72898300.0
818655,20073100.0
459863,37362800.0
1010996,24691800.0
1306866,4960400.0
1236984,10735400.0
455555,3841700.0
935587,7201000.0
818665,46820600.0
973242,37515200.0
672822,46866200.0
942080,18229300.0
813581,20249000.0
939707,17652200.0
1023724,28565300.0
1129892,29384900.0
1129893,30889700.0
937241,13454100.0
1303628,13454100.0
1176605,17208900.0
1303629,17208900.0
813726,21588000.0
606211,7887000.0
156870,21201600.0
815844,75834200.0
1303630,8134500.0
1152948,14042100.0
1303631,15263900.0
435054,23192800.0
713975,8141200.0
983615,28607300.0
292136,16986200.0
745194,43643000.0
389810,15941800.0
417150,57822000.0
1047094,43444200.0
918364,21861800.0
1232963,8134500.0
1303626,16852000.0
1104837,18107200.0
1195897,19613500.0
944806,18337500.0
1239308,18107200.0
712911,7500000.0
1105124,103475600.0
392570,100000000.0
1009463,227320400.0
1348772,22625700.0
1374084,22965900.0
928036,87343800.0
927630,21170500.0
990336,21167100.0
937990,21556200.0
741584,20959400.0
795831,206445500.0
635336,600000000.0
72264,10000000.0
1381051,23520000.0
1126133,32002700.0
501568,30000000.0
1291830,32784400.0
1381052,23234100.0
1016139,29081800.0
1008143,26454500.0
657619,53547200.0
1177783,63350100.0
1253807,313939700.0
1004736,315157500.0
1082631,316718700.0
985714,70824400.0
1285237,186471000.0
668546,193667200.0
1074965,2500000.0
1162160,186471000.0
1225292,88470900.0
319900,1000000000.0
1170679,65274900.0
686837,60000000.0
943115,60641600.0
1091160,29995600.0
1091159,29780700.0
883543,29408200.0
1296103,21573800.0
976549,62498700.0
1197238,55810800.0
726992,61844100.0
1209164,54852600.0
242940,120000000.0
495667,600000000.0
638793,800000000.0
1048392,70000000.0
1177810,57844400.0
926987,47026200.0
1007496,22837100.0
1363795,24411100.0
1363793,22672300.0
1338121,2500000.0
669207,31103300.0
987333,17975400.0
1019261,41056800.0
589286,21269200.0
184744,40000000.0
1279743,22571300.0
509800,7500000.0
1125371,47322100.0
1380108,48241100.0
1377296,45619400.0
1025001,50406700.0
632731,50000000.0
1024048,45880600.0
1046648,50862100.0
926988,32077400.0
367633,120000000.0
1136977,11524900.0
874012,60015400.0
1100581,64454900.0
878151,166866600.0
1100585,51580900.0
1043559,45873200.0
1138111,37198500.0
858191,90668500.0
724881,12500000.0
670851,80816000.0
1061378,148503600.0
898721,149967500.0
984540,143949800.0
898715,90938000.0
878881,25726400.0
800509,20556200.0
562257,35144100.0
816519,22250400.0
472330,25622200.0
505693,24649600.0
493607,39012400.0
314302,12500000.0
542439,36449700.0
1004502,47359600.0
867648,86691200.0
733467,42257200.0
964641,40209100.0
473079,84191300.0
670879,38571700.0
1116111,40891700.0
352633,36542200.0
104223,200000000.0
1247255,32790500.0
1111167,32941900.0
1368527,33644600.0
1122590,29974900.0
1272445,33978400.0
1259181,24664900.0
1072725,33574100.0
1172727,33198000.0
1118481,32994400.0
1184986,33910000.0
454628,50000000.0
1368526,33921000.0
1112904,155599200.0
1293796,157636900.0
1102235,143606500.0
887433,152236300.0
1378362,182418800.0
1380876,182776000.0
47950,36590500.0
1211281,18045800.0
1299438,2500000.0
1250514,16187700.0
1165671,17985900.0
919002,30242100.0
784258,33297100.0
330605,24186000.0
918999,18792800.0
533900,19831600.0
654180,22575800.0
1299439,25254400.0
969324,28615900.0
1070600,2500000.0
450695,36536100.0
347336,38286200.0
1043977,30491900.0
1088712,29852900.0
1303481,30655100.0
1229783,69484500.0
1290658,31074800.0
509521,10000000.0
1123776,10022000.0
1136698,10000400.0
1103882,10033500.0
1136691,10022000.0
1309622,11650900.0
149526,7500000.0
1110988,21728200.0
1195510,10767000.0
660280,70000000.0
1283981,63848900.0
984416,150000000.0
1292332,47948000.0
1193460,23035300.0
633654,51096000.0
1363799,19826300.0
1236036,19826300.0
944202,22038900.0
1303498,19795900.0
701021,163940600.0
805989,10000000.0
556726,15000000.0
959187,34104900.0
886295,50000000.0
1380618,117088100.0
692440,25000000.0
935800,33934100.0
1225829,34410400.0
966406,42775500.0
1226637,94380600.0
872757,178119400.0
1169041,38232400.0
1160813,55847800.0
770446,24537100.0
1190570,50543200.0
940890,23388900.0
940988,31268500.0
1028030,36826300.0
947359,37915100.0
1052517,29724300.0
1052649,29855400.0
978052,23143200.0
854960,30485400.0
1041615,28153700.0
1082118,37667700.0
768435,37637500.0
737811,29212100.0
930854,22607300.0
1100290,36125100.0
601764,25030200.0
737794,22334200.0
940992,43062000.0
928242,11113800.0
196429,5000000.0
806609,7909700.0
1164662,72859600.0
399541,39103400.0
1123746,39720400.0
905228,75682900.0
565171,50000000.0
990148,700000000.0
1235396,9926200.0
1127217,10128900.0
917392,33129500.0
954057,33241700.0
925882,31037600.0
1230520,24374100.0
1286933,22340700.0
854887,37326900.0
1238018,22229100.0
983811,22314300.0
1226919,20375100.0
1113632,22197200.0
1177785,18212300.0
1226920,22229100.0
1155464,16732200.0
1360186,18340900.0
909487,16893500.0
77715,25000000.0
793721,22558900.0
959188,37452200.0
1257755,25041100.0
474091,24541800.0
238525,33955200.0
929091,24464300.0
707953,23422200.0
700430,46722700.0
1066966,25804600.0
1200890,26331400.0
533616,76471300.0
1293761,46055900.0
906958,97698400.0
926558,24135700.0
1091673,51352500.0
996106,26755100.0
1310423,32674100.0
1352564,22507300.0
1099516,23349500.0
1072759,37338900.0
922443,43203800.0
1099543,22222800.0
939344,120906400.0
1175626,12432800.0
907486,12352800.0
1286545,27344800.0
1167274,8455500.0
745081,13161200.0
490723,17365400.0
824943,8976900.0
994950,70378600.0
590599,19196800.0
798774,68665900.0
916465,32534300.0
917107,60481300.0
702789,13682300.0
914260,13694700.0
908968,37167900.0
1003842,56554500.0
1189525,8540000.0
1118494,13201400.0
1147136,10126300.0
1039628,13811000.0
925808,34741300.0
1004808,8892900.0
801767,54247900.0
593353,13157800.0
1295395,14572300.0
912546,13411700.0
604474,12289300.0
1192513,10371200.0
1260768,13836200.0
466597,13194100.0
1083171,11456600.0
957969,37738700.0
1179067,16352600.0
912405,15165800.0
598084,8814400.0
713001,37399600.0
1156486,11401800.0
1193089,11456600.0
739196,12768400.0
437556,13339200.0
1258196,13836200.0
1258195,13367700.0
1153136,9123800.0
786794,14399400.0
1288268,12212000.0
590492,15456200.0
1279358,99471900.0
941543,22826500.0
1172622,20932300.0
896271,1000000.0
1113191,22826500.0
1192089,22085600.0
1144192,24244900.0
1146603,18585400.0
1234356,19308100.0
676112,18511000.0
581330,180000000.0
941589,19139100.0
1043590,20931400.0
358143,200000000.0
1362416,117271200.0
1356045,123462200.0
630884,7500000.0
1250383,12346900.0
1234711,12531800.0
392759,40044500.0
238209,32743600.0
554173,41700700.0
425896,37604900.0
450736,43212800.0
483346,34122000.0
62079,20167700.0
1001381,28116000.0
1318995,32127600.0
590686,34080800.0
1001391,32316100.0
1205249,22027900.0
901011,8278900.0
1163691,8641900.0
1254732,23595800.0
1032680,45709400.0
719681,56553900.0
967340,55148300.0
1028962,23585800.0
1062862,15000000.0
844610,36138800.0
513967,35000000.0
1056995,18891000.0
315970,10000000.0
1199982,24466900.0
1287517,9489500.0
1229028,78637200.0
1328380,2500000.0
1074966,51739000.0
849409,5000000.0
395244,50000000.0
1062212,41669500.0
1007805,36799100.0
925105,52182300.0
265592,25000000.0
214104,22500000.0
500274,27500000.0
92936,15000000.0
279591,1000000.0
819632,8540200.0
812315,9225200.0
410420,25000000.0
1192975,16955500.0
1251246,162426300.0
1188081,36784300.0
1316221,22689200.0
1362852,2500000.0
995065,22077100.0
1185312,10979000.0
1305973,2500000.0
1340392,12825100.0
1281167,13563200.0
535793,252270300.0
1296752,4793900.0
1192339,18254300.0
636758,7500000.0
1345675,25348700.0
1225777,25631000.0
1068899,27617600.0
1072808,25270300.0
951999,32048900.0
1266250,25486600.0
1326247,25478800.0
904549,24988900.0
1375953,26855700.0
1048316,37295500.0
1326453,25698600.0
1117311,24209500.0
1315830,2500000.0
1183591,18250700.0
1073176,191131100.0
717585,250000000.0
923759,900000000.0
1121436,5000000.0
961459,24419700.0
163187,60000000.0
1086915,39250300.0
399350,39214400.0
1119049,135923200.0
1364144,121604200.0
1009439,37630500.0
1057178,36774800.0
1064015,40894900.0
1069297,39847500.0
1071996,38474000.0
960958,36348500.0
1081907,36102100.0
960959,43797100.0
960960,36209600.0
1086882,38532800.0
941176,39775900.0
1009447,38569400.0
1118495,39445400.0
950906,39715600.0
1163076,47255200.0
821067,38709200.0
960944,39289100.0
1075147,35927300.0
1086701,39567300.0
859255,37563400.0
920337,39761700.0
1058521,36322900.0
1084539,58121600.0
1190169,39445400.0
1070018,41943500.0
1149488,39871200.0
1261029,41659700.0
1047294,38966400.0
1115668,68995600.0
1162425,65221300.0
907589,60010600.0
969376,66417700.0
1138067,64320100.0
1162432,65719600.0
1162663,105067300.0
1047293,66708500.0
1162427,65764400.0
884819,99903600.0
1012352,56095200.0
1162430,66328200.0
1161447,2500000.0
1162412,73456400.0
1162413,66915800.0
921654,62307000.0
1110712,74402900.0
1259043,68372400.0
981531,84378300.0
1131926,56156800.0
1047296,66753800.0
1162410,65919600.0
1162426,66624000.0
927035,46862600.0
1148239,55237800.0
1161438,75655000.0
884818,126138400.0
1023091,110061700.0
1009446,127795100.0
931668,127930000.0
884808,126065200.0
1074990,130974000.0
1023095,128075700.0
1016346,128729600.0
1141175,127424500.0
1025800,101985100.0
1074365,125191400.0
1080603,127310900.0
1141179,129652600.0
990883,109844700.0
1047411,112032700.0
962149,158451200.0
1193849,143220200.0
790434,110714100.0
1058359,199776900.0
1009443,101792900.0
1081530,83727500.0
1080602,127144800.0
1023093,127310900.0
884823,130617200.0
1077761,40410700.0
1083088,40036100.0
880244,161836300.0
1104114,130000000.0
1185775,53886900.0
296694,7500000.0
1136769,14895700.0
956579,26001800.0
1293855,12321900.0
995974,25651000.0
964763,13405400.0
956885,37463900.0
1336861,8102700.0
347384,17261900.0
1339073,10110900.0
1138157,9082300.0
354758,11034900.0
1058871,11482900.0
1339069,10868300.0
1314015,21930700.0
1062105,20125700.0
986918,9082300.0
1139145,9082300.0
1173693,12041200.0
1351655,14154400.0
1139144,12002500.0
1320405,14510500.0
1127947,9082300.0
1186562,11397200.0
1330008,11735500.0
700153,21186400.0
1067910,20709000.0
615165,37423100.0
618667,14133100.0
617209,15432800.0
1345886,13420500.0
1210236,30312500.0
1196497,25654200.0
548109,70000000.0
1114719,107545500.0
766893,5000000.0
1283445,4082800.0
798085,5615500.0
1283446,4082800.0
912204,5052600.0
1060281,29391700.0
984474,18944400.0
1161638,19188900.0
1305926,23422400.0
1301718,25853600.0
1003219,37377200.0
287710,25000000.0
1301715,25853600.0
1103543,24741200.0
1048184,28167700.0
910497,4566000.0
1034892,10422400.0
1374009,19675800.0
1263134,19347900.0
906378,43799100.0
725079,51830900.0
796793,38936000.0
992997,40957700.0
554980,38166700.0
681690,38360900.0
640867,38274600.0
682009,40689200.0
997715,76851600.0
476354,52868500.0
1083615,51115600.0
1083955,100445400.0
972899,43412000.0
978241,48956600.0
1277900,40704800.0
997717,75826900.0
828478,39067100.0
1092437,38051700.0
1136838,41443600.0
883411,26230300.0
1307785,136751800.0
1296393,60592200.0
1259118,2500000.0
888349,18417300.0
1211179,2500000.0
923513,7800700.0
1120765,11906100.0
1340571,2500000.0
1047909,58219200.0
1185352,9543600.0
1246370,13729700.0
1241651,16389800.0
1350341,7740500.0
955303,185131400.0
959226,173919700.0
1299452,103108200.0
990785,127138300.0
1227286,2500000.0
88082,17500000.0
1015706,27500000.0
1129199,27395700.0
1123382,17074300.0
284691,15000000.0
396822,30000000.0
1199916,17434600.0
1077178,21913200.0
894174,35757600.0
1091199,2500000.0
866284,39709100.0
704490,15588900.0
1291812,15341800.0
919250,12043900.0
1174079,7451000.0
928854,15422100.0
607913,12851900.0
1082254,12583100.0
633846,11078700.0
271123,22413000.0
906936,87702200.0
1291825,14705300.0
1142315,12583100.0
920427,11774400.0
995366,15483400.0
1023013,13508100.0
715292,21920500.0
1030059,83773900.0
357255,15305000.0
1071797,14765400.0
1302191,14281900.0
1378330,14778400.0
1378331,7451000.0
1240766,15376300.0
905937,12466400.0
237968,25680400.0
729747,37223400.0
1191417,15061600.0
345116,11523700.0
1023194,15771400.0
620765,38435400.0
667893,37771000.0
870411,22776700.0
798976,20249600.0
321693,13021800.0
388524,14297400.0
344163,14919300.0
1147181,11259200.0
388227,13305100.0
700569,37653100.0
310067,33107400.0
610248,17500000.0
1203749,2500000.0
1174823,149734400.0
839031,149734400.0
1309134,1000000.0
1309136,1000000.0
1121278,20266700.0
1197555,19308100.0
1068256,20561300.0
1292573,19308100.0
1186564,32994100.0
981937,5000000.0
1290992,90195100.0
878335,27554300.0
507392,15000000.0
1282595,16184800.0
1157943,15838700.0
1112133,41401800.0
833382,46196400.0
1302210,9600900.0
1357503,37639500.0
1298572,9857400.0
1020822,18632900.0
1005098,2500000.0
1257695,2500000.0
1278455,38284600.0
1365045,2500000.0
1370685,22501300.0
1340241,2500000.0
374538,2500000.0
1310453,2500000.0
1274283,5000000.0
1310452,2500000.0
935139,22728800.0
896453,17542300.0
1370683,19595700.0
1310450,2500000.0
898060,2500000.0
1370684,2500000.0
1043883,22575400.0
940343,17317800.0
1338950,37679000.0
1377968,2500000.0
943202,71290300.0
940361,14865200.0
1295930,15692500.0
722928,32718000.0
374670,22675400.0
523919,37527100.0
693108,20746300.0
187980,32652700.0
805506,22681500.0
602624,20278500.0
788731,26242500.0
923034,14063700.0
602621,19704700.0
315732,30557800.0
377746,25347600.0
666745,24554000.0
629038,27680600.0
316855,32266400.0
796479,39390800.0
933850,72465400.0
1146987,72465400.0
1364614,12523100.0
1262355,12582200.0
1060423,14828100.0
1341963,12523100.0
1328213,2500000.0
1177664,12856100.0
502830,70000000.0
741528,37451700.0
1366993,7552100.0
1139734,8254600.0
1285795,7552100.0
940003,9291500.0
1130918,7552100.0
1324616,19476200.0
1230731,21066200.0
1071220,77443800.0
1047598,47265900.0
920282,43239200.0
1184984,46755300.0
1363800,28419900.0
936438,26625300.0
498247,29890300.0
1303490,27660500.0
1226095,29064100.0
280939,40000000.0
1046878,43711900.0
1118873,43711900.0
180215,70000000.0
504107,40000000.0
1368982,2500000.0
1226112,30500300.0
1375009,9086500.0
1324800,9472300.0
1345717,9086500.0
1324738,9086500.0
1011208,15145800.0
873538,19171800.0
930376,37586700.0
707876,108408900.0
866955,21940200.0
967598,17937600.0
951327,1000000.0
1103623,29778800.0
1231646,2500000.0
970872,23051600.0
1227607,24676500.0
1364007,28104700.0
1223276,22980100.0
997063,37687300.0
1284945,40399800.0
1053356,16362000.0
1038081,18460200.0
1312215,15015600.0
1315450,7181300.0
293992,13449900.0
361258,22369700.0
1315452,9696400.0
707399,16950600.0
1315451,2500000.0
815195,10850200.0
1315453,7181300.0
1015497,83294100.0
169511,85000000.0
170644,5000000.0
1069931,84010000.0
1175588,82890100.0
1069932,82890100.0
326933,15183300.0
814202,37448200.0
1286749,21263900.0
607627,15603900.0
632245,37607500.0
373400,11715800.0
1290499,16682400.0
935844,20553900.0
1316493,11452400.0
1332383,74835800.0
1276456,75576900.0
1319375,74405600.0
1270629,75576900.0
1061908,39856100.0
371168,100000000.0
703581,20000000.0
654117,350000000.0
1300662,12200400.0
1295909,23849800.0
927439,21332000.0
1273494,87752600.0
1093809,80930500.0
695121,70000000.0
1183411,73324600.0
1178475,91760100.0
1060252,124351500.0
1057524,154113800.0
964705,32211500.0
1119923,65860500.0
994277,129441400.0
1128650,126691000.0
854537,18227500.0
1282422,16540000.0
1086015,16503300.0
570362,102790400.0
1031046,20000700.0
887241,93120500.0
1086020,16337800.0
1025977,18201000.0
1049906,16139900.0
1282420,16441600.0
1282421,17537800.0
1077812,53818400.0
128828,10000000.0
883539,69101800.0
817866,111572200.0
1279908,175412600.0
1219752,158499400.0
1219749,158499400.0
1187630,22651600.0
1187764,23271600.0
827427,37496000.0
1301775,406668900.0
1132629,176323000.0
1050116,374858000.0
1211324,22135300.0
1335980,42869500.0
1174738,41439600.0
1195808,45695900.0
1372119,41213400.0
992260,42762400.0
1076758,38739000.0
1295450,22550900.0
995521,40438300.0
1151352,55974400.0
1139352,40478700.0
1295451,19149900.0
1037312,40980900.0
1155071,40857700.0
937164,26371100.0
1057350,21354900.0
1003533,66769800.0
1152232,41761100.0
1030581,32644300.0
1283399,42092600.0
1152231,42488100.0
1310860,23926600.0
1003536,41034800.0
1154882,38739000.0
1204523,16870300.0
1152298,39313400.0
1283407,21335800.0
1234104,39293500.0
1043471,30000000.0
1237695,28696200.0
951150,29746700.0
1062377,29685400.0
1152220,28945100.0
1125079,29746700.0
941010,29746700.0
941009,29746700.0
1136507,29830500.0
1029142,33085700.0
1029138,30295200.0
1029139,30369100.0
1155059,29836900.0
1084639,2500000.0
1152222,28624000.0
1152224,29738100.0
1136506,29768200.0
1132676,31230300.0
1155061,40680400.0
1083592,24548800.0
1029143,29783600.0
1001272,29671600.0
1136509,29808900.0
1029140,29570400.0
1049143,29550500.0
937707,60967600.0
1009438,60742700.0
1079189,60967600.0
1159566,60638600.0
897488,62354100.0
1079179,58797600.0
1131452,46443900.0
1159568,59806100.0
1159569,62220000.0
960462,53676900.0
1159574,54513900.0
1052734,54144800.0
1133884,54503200.0
957629,61045100.0
1131117,59723200.0
1302329,61363700.0
924110,51340000.0
1031773,49650900.0
1072170,54666600.0
1159599,58139600.0
1281649,47095400.0
1045963,49979200.0
1081532,54713900.0
1131116,59556500.0
1178730,59709700.0
838385,136504000.0
1169211,28953700.0
867710,78014600.0
1312701,32937400.0
985119,32859000.0
966415,39119200.0
703487,62222100.0
1073545,18042200.0
1077819,18458900.0
373558,36544100.0
399393,30741600.0
549566,17500000.0
496062,20000000.0
1053412,119149400.0
460627,48915400.0
1306991,65584100.0
804352,45129600.0
915842,53115300.0
514124,38010200.0
773797,55930300.0
170501,40597500.0
525127,38225600.0
1069919,56928300.0
1030637,19449000.0
1099086,30471900.0
1107065,21905600.0
730985,35048700.0
1162558,22496900.0
824092,21123200.0
1076524,22366200.0
1062651,22447900.0
1202385,21878000.0
1312939,23850900.0
1071529,22533100.0
967182,23111500.0
1261831,21925000.0
939723,18993400.0
1300018,21116800.0
1260357,21878000.0
958052,14025600.0
1230130,13765400.0
1288682,10842500.0
1289106,12219300.0
1289107,11425300.0
1034894,14155400.0
1045244,14050900.0
1034885,14305200.0
1289109,12118100.0
1289108,12104100.0
1044779,54740200.0
1066571,14687100.0
1230119,12093800.0
1115658,13443600.0
1149290,11165600.0
1288692,14211300.0
1138779,10964300.0
1230118,12093800.0
1242420,11899300.0
1115659,13988200.0
1115657,14305200.0
1026158,37636700.0
1054361,39852400.0
359838,8252200.0
689862,21903200.0
1166293,8808900.0
1292519,21998000.0
1111588,6848700.0
694785,8882700.0
1130880,11743800.0
746697,12148400.0
921487,8424900.0
798651,8948100.0
238165,21724400.0
918316,37733200.0
965115,28923500.0
1078978,10375700.0
386785,37834400.0
917566,8348600.0
917434,19299900.0
918317,37736800.0
801368,9410300.0
1137526,11242500.0
1255862,12668900.0
1285071,6271800.0
813016,2971700.0
1043383,11297300.0
447773,12368200.0
1358197,6271800.0
1039715,3185500.0
806584,11121200.0
1367549,9530700.0
327489,10919100.0
468429,8233000.0
239658,37671400.0
815169,12761000.0
896140,29678500.0
1267096,31051200.0
1031854,29458000.0
924598,29458000.0
1037462,7500000.0
901856,24027700.0
1258496,23594300.0
741359,2500000.0
987483,5000000.0
1072067,33252700.0
1037489,33214600.0
607718,12690800.0
395659,300000000.0
1126231,2500000.0
686436,48615500.0
353876,75000000.0
1126223,2500000.0
1126224,2500000.0
1268075,43028800.0
775724,38172000.0
1144066,2500000.0
831702,20942300.0
1054288,61603500.0
1041287,2500000.0
1260094,27935400.0
1154391,29520700.0
1369667,33515100.0
1369250,33509400.0
1371976,33515100.0
1369247,33515100.0
1369252,33515100.0
1369251,33195400.0
1035981,19980200.0
440247,23335700.0
1165184,49205800.0
1340236,33041900.0
1287699,23017900.0
1127980,22557800.0
599589,20769900.0
1006109,18259200.0
317032,15000000.0
663890,40000000.0
1356706,33787900.0
1139287,6302700.0
633054,39028400.0
1268078,93242400.0
1042873,90705500.0
1309800,105508400.0
1146228,91124000.0
1088534,91493700.0
1309504,105508400.0
1380311,105508400.0
475949,300000000.0
927970,40289000.0
1013712,7113200.0
1065873,8888000.0
1181210,17195300.0
1145899,8111400.0
1145927,8111400.0
1158220,45453700.0
970339,77979500.0
1273536,45787000.0
1070603,14044200.0
781846,12770500.0
895328,15586300.0
1231464,21014100.0
1177450,8515200.0
934449,23981000.0
1045991,26057700.0
922079,21530300.0
922841,22862700.0
525823,24107100.0
682035,27096900.0
658563,30098000.0
300498,30462700.0
810541,20245100.0
1077221,23557700.0
316306,20000000.0
811473,119465700.0
1244039,5000000.0
328651,36182200.0
1007772,19278300.0
347212,17500000.0
746105,25244900.0
725701,29247100.0
462112,2500000.0
464738,41781500.0
690884,37642100.0
920194,19884900.0
920722,29749000.0
620168,34415400.0
922086,33935500.0
731754,27425700.0
776848,30289300.0
974171,48619800.0
425901,36283800.0
466394,25494600.0
1347647,31036400.0
1013172,26394200.0
1352478,30411200.0
689562,50242200.0
12778,2500000.0
1201233,13434300.0
1219042,10962200.0
121032,2500000.0
333231,27358500.0
919149,27128500.0
953184,2500000.0
487428,39158200.0
1209412,34233100.0
357225,23091600.0
1240107,33969300.0
199526,36587000.0
1171100,27557800.0
684173,43822600.0
474081,30082300.0
984136,29174300.0
1126901,84889700.0
1303369,35424800.0
946616,74953300.0
987357,75668100.0
1012732,70866100.0
1070408,75856900.0
957240,74402000.0
1131847,68194300.0
987356,75184700.0
1104230,83952900.0
1131844,74659400.0
904790,74798400.0
1088697,75025500.0
744150,93733100.0
896732,85755500.0
1025408,74613700.0
936665,73886600.0
1111059,76154000.0
1143676,76233400.0
987361,72197300.0
1143218,77974000.0
1042888,87351100.0
1025410,73877700.0
1129402,85799800.0
1155804,76151100.0
1045445,36062700.0
977976,36122600.0
1045442,33492600.0
1114150,35345300.0
1230620,31245000.0
1163048,34831200.0
1037635,29731400.0
951744,34184500.0
1033580,34261500.0
977982,36158800.0
1030571,35835100.0
1114149,33950900.0
897428,114367200.0
1045444,35993700.0
897482,33950900.0
1069967,35044100.0
1060155,36062700.0
1179178,33484900.0
1039725,32328200.0
1114148,36062700.0
908956,31081900.0
1148609,29065900.0
1114573,35319700.0
977984,36062700.0
187798,40000000.0
952093,63265600.0
1113136,22704000.0
1004268,22113300.0
1241745,22919400.0
1164521,24555000.0
1125081,44777900.0
1169525,27099500.0
1086631,53678200.0
900203,153866200.0
1113658,68578800.0
1178818,166384300.0
1174922,30978800.0
1108452,2500000.0
32113,250000000.0
1254060,50836000.0
1251220,52754300.0
981528,12376800.0
1045553,37808000.0
1110821,2500000.0
1279262,22372800.0
1153017,2500000.0
840267,18916300.0
1377280,2500000.0
1109938,2500000.0
715237,37775600.0
1109941,2500000.0
1133697,2500000.0
885811,18669400.0
1109940,2500000.0
1373081,2500000.0
1102401,16030600.0
1111949,20411800.0
1146578,2500000.0
885806,2500000.0
1275775,2500000.0
885794,17189400.0
867721,18152400.0
1157481,1000000.0
897442,1000000.0
651335,4295400.0
928073,4166000.0
1130463,7182500.0
336998,18881400.0
494207,37887000.0
556253,9879300.0
528179,37745400.0
513327,57033000.0
601493,90423300.0
653257,17323200.0
622668,93118200.0
556750,13194000.0
855889,100831900.0
746675,24785300.0
497257,62868400.0
649637,90501700.0
577920,14332800.0
532271,24062500.0
918628,17748900.0
1241951,16537200.0
513235,70148100.0
1158620,12060600.0
1372569,14915000.0
981785,107642900.0
1189447,27366200.0
1284784,27980200.0
1082322,17913600.0
1077549,27320400.0
1319938,14454900.0
1075993,14465800.0
1076453,19847600.0
1314211,15061000.0
735351,25376700.0
386331,10000000.0
1314213,14454900.0
848904,39980700.0
927107,64111800.0
982572,69500400.0
724640,41108900.0
695124,59141600.0
711073,67157200.0
739357,37847700.0
1179089,86209600.0
441054,41037400.0
1100296,197845200.0
549028,87254000.0
1315192,55745800.0
9335,7500000.0
927627,41284400.0
1362139,27416800.0
876290,28379800.0
1154347,27364100.0
876319,23960000.0
1165870,19521100.0
60960,7500000.0
889032,13725400.0
1027403,21410200.0
1146669,13061200.0
910859,13739700.0
904917,36971300.0
957724,9392200.0
1158465,2500000.0
969708,37168300.0
596444,9468200.0
1139257,10523300.0
687454,24544900.0
406735,36548700.0
1077851,10198400.0
1031311,13094300.0
1139302,6903400.0
149619,12408700.0
904920,22394100.0
37675,36223800.0
683837,11577900.0
1133073,12686600.0
1071619,6903400.0
1023754,15526100.0
336180,16397400.0
626252,28680900.0
848355,16142000.0
391508,35582900.0
905279,16712800.0
683441,36861300.0
706700,21598200.0
237552,76698800.0
694237,36811200.0
634667,16111800.0
268025,36531500.0
743551,18269100.0
509707,14491800.0
719675,18476800.0
193118,20725800.0
522777,14265800.0
908246,12474900.0
450843,12346700.0
360077,13981000.0
599594,36587400.0
904931,15853300.0
1077852,14508500.0
345110,12991100.0
299965,35607500.0
599590,36880200.0
672536,17654900.0
719684,36826900.0
1157416,17399500.0
928734,16578400.0
967509,11367300.0
959075,30493600.0
672538,19809900.0
1003558,12539500.0
672539,13723800.0
396547,16193100.0
1032786,17408000.0
601793,12009500.0
616258,36594900.0
1169900,12514300.0
363330,18140600.0
295012,36130200.0
295007,36383200.0
1136992,12963700.0
1055162,12379000.0
674692,2500000.0
1289645,14011800.0
1025210,12215000.0
1228816,14641300.0
594779,15290100.0
1018159,13653300.0
1261346,15376300.0
1038233,16226300.0
1052662,12254900.0
1082269,17520100.0
655815,72060600.0
999430,28334600.0
1316611,28705000.0
1216087,28246100.0
1255577,28771600.0
1099479,25574000.0
1238020,27429200.0
972879,20669900.0
670841,126431500.0
883152,21829300.0
1165669,23253500.0
1047361,33154000.0
106376,25663800.0
746098,23444800.0
575733,41607700.0
875929,50000000.0
719224,33464100.0
1296813,38615600.0
624151,47311600.0
726717,47311600.0
938388,46726700.0
1166258,23164800.0
1036720,91396600.0
868725,70765900.0
1233004,83852300.0
1013715,85225400.0
1052798,55381200.0
1306264,78448700.0
1173837,50210500.0
1309330,35613100.0
1125742,136421700.0
1130473,137835600.0
1376886,138156300.0
1271777,137835600.0
1130487,136445400.0
1376885,138132500.0
1129618,2500000.0
1267259,39575300.0
1267248,39575300.0
788159,2500000.0
1267261,39575300.0
1267245,39588800.0
991755,38903500.0
1376883,39278400.0
625273,7500000.0
1267201,58293800.0
1118505,37505800.0
1139748,18114600.0
954143,64305900.0
1072255,44181600.0
170953,80000000.0
1098544,23529900.0
280491,12500000.0
1311050,14545800.0
997933,16916400.0
1311052,2500000.0
1311051,2500000.0
68914,20000000.0
1364527,37828300.0
411119,50000000.0
382531,2500000.0
1038329,19293400.0
1366903,2500000.0
1134233,16429600.0
741232,16180700.0
1226933,16429600.0
1061560,15388700.0
1134240,16429600.0
1260393,16429600.0
1134229,16466800.0
1134231,20183900.0
1165132,16466800.0
1226931,16429600.0
330666,37510900.0
1287043,17251800.0
111462,15000000.0
929867,10000000.0
529730,30000000.0
1119914,63453100.0
1003962,80114600.0
805499,19964600.0
1061660,152680100.0
681587,17642800.0
791503,17280300.0
310259,12750200.0
65769,14136600.0
435066,11325100.0
603260,22161800.0
1021726,8472200.0
1111332,7513900.0
1282789,6616800.0
897859,8481000.0
951290,7576600.0
1178955,8797700.0
1111342,7975900.0
487452,30494200.0
1144154,7133700.0
1165234,5920900.0
1282790,7759900.0
972362,7544800.0
897858,7513900.0
541406,33043300.0
1112280,7544800.0
1144150,5575600.0
820070,25000000.0
847484,2500000.0
420189,75000000.0
1370391,41913200.0
1246844,41913200.0
454495,65000000.0
1346971,43623500.0
46991,5000000.0
1369001,75704200.0
927733,142508700.0
1163866,39849400.0
1296087,39683700.0
198005,15000000.0
1363790,19536300.0
1376541,22574700.0
935389,36249700.0
341263,100000000.0
341277,150000000.0
1072111,10244000.0
1063198,9585900.0
1288371,2500000.0
862983,30996600.0
482110,35000000.0
927011,34466900.0
1053557,37571800.0
921586,22218200.0
1052380,38024000.0
1240809,40878500.0
292945,45929200.0
613632,47944900.0
315608,27160100.0
476147,41348800.0
814861,55566500.0
802235,37695100.0
1077626,23434600.0
732201,33110000.0
257533,92032300.0
906213,120620200.0
1112939,25029100.0
200199,8096900.0
840775,9174400.0
1337063,7859600.0
796240,9149000.0
876114,7178600.0
954769,10499000.0
1111680,8341400.0
682558,7939500.0
429863,8441100.0
530962,8222900.0
1309045,8989700.0
1071360,7383900.0
959937,6410400.0
840336,8002300.0
682559,8441100.0
376592,10338700.0
118062,10542700.0
867636,2500000.0
1157216,11028300.0
1345959,16380000.0
1104105,14930700.0
1165128,18212800.0
825078,10000000.0
533840,31569800.0
1087887,16509900.0
853489,35983400.0
810489,36805600.0
919465,36999000.0
503763,37198200.0
745161,37112800.0
826063,37172100.0
746753,40155000.0
952183,25039600.0
1335595,18856100.0
213774,25027900.0
125687,33040300.0
875118,150000000.0
1185497,2500000.0
1241107,66892900.0
1185499,2500000.0
37834,10000000.0
1047101,72849700.0
888776,23684500.0
1286900,23547900.0
1177033,29993200.0
1365255,24992300.0
1014503,10928100.0
926356,10603700.0
816722,14016300.0
631115,10991700.0
627021,13462200.0
1068317,37561300.0
832062,38554800.0
1134716,24829200.0
1004324,34520600.0
642004,37500000.0
1200102,21708300.0
871236,25603700.0
893356,31968300.0
120575,28596300.0
1200054,18829400.0
1122827,38141200.0
363609,22630800.0
1077227,24508500.0
527562,18442500.0
454317,37151300.0
106150,14225700.0
964080,18835800.0
1036455,57041200.0
407361,17543900.0
194358,57091300.0
1064243,22507600.0
1159848,20991900.0
926524,2500000.0
925781,23008200.0
425807,47491000.0
331037,11701600.0
672605,19617800.0
870970,22124200.0
198787,16507100.0
1171119,21861900.0
523712,37688000.0
855445,23255700.0
1377039,2500000.0
940644,36036800.0
1338955,37657500.0
1302766,219957700.0
629002,27358400.0
913859,25229300.0
1004337,23461000.0
913877,24106400.0
1034600,30064400.0
1321938,54258700.0
1235541,29488300.0
1005113,30220900.0
1015618,37569900.0
1283947,10022600.0
1141342,11135600.0
1142634,10022300.0
1266221,11153300.0
1235966,24946000.0
1372149,39381100.0
1362140,46949200.0
892164,49585700.0
836892,2500000.0
1223892,127138100.0
1045997,29549900.0
1091370,29904400.0
1091365,30733400.0
966680,30499900.0
1165490,32881600.0
1245653,10932700.0
1263357,10932700.0
1353492,11005000.0
479896,33292900.0
683844,34725700.0
845717,118640600.0
302459,28918800.0
929691,27818100.0
1174018,26564900.0
122713,138890500.0
495950,35679900.0
683879,40101400.0
926131,78920200.0
1099427,32921800.0
243623,10000000.0
618883,17500000.0
1220683,23646300.0
970541,21286700.0
1076840,2500000.0
1041777,29028400.0
1257605,34852800.0
746103,38439600.0
1091057,22830500.0
586833,46005400.0
878130,24703800.0
1081253,37344800.0
403337,31222000.0
1299568,14368400.0
921083,28845300.0
1050715,26196500.0
1088689,24940200.0
294092,21188900.0
325258,23626600.0
1045543,27047100.0
1298417,24901700.0
871336,18157200.0
838751,2500000.0
1227848,18931700.0
944071,200592100.0
1247638,2500000.0
1371170,2500000.0
1165780,2500000.0
299837,19136900.0
878894,32041500.0
1165781,2500000.0
1362564,2500000.0
58286,24232400.0
333598,36988000.0
243657,27432900.0
472122,22108300.0
1352965,20140600.0
201566,44868100.0
1180911,22320500.0
589091,26676000.0
406636,57154300.0
1049156,22639200.0
1258716,2500000.0
1313569,62331100.0
671055,38226400.0
566348,29828200.0
1174374,23300400.0
929698,64790000.0
463694,37761900.0
970483,23595500.0
639578,40237600.0
1045055,20197000.0
507620,32338000.0
533903,23986100.0
583196,29230200.0
424883,27440200.0
1228275,80493600.0
593511,29657600.0
1045748,22861400.0
554465,50516900.0
579200,27021500.0
387724,21806700.0
928896,22030800.0
1339613,23081000.0
1366300,26891100.0
565676,37876700.0
873073,47522800.0
453306,89928000.0
1192246,23929900.0
473082,36252400.0
576350,37832900.0
481169,36691900.0
1048936,27468700.0
249161,20000000.0
919397,22776100.0
835341,21956600.0
550648,31104800.0
1160370,14036100.0
1071571,14072500.0
715352,21444700.0
864617,15090500.0
1038615,12366900.0
1242761,12647200.0
253734,70000000.0
524356,60000000.0
148028,15000000.0
715382,10000000.0
1280388,141683800.0
1061515,146270300.0
1145176,190049000.0
633143,26862000.0
1071783,2500000.0
476238,37317000.0
678387,21570500.0
842566,43486400.0
1089413,45920100.0
670853,43308700.0
250276,28510400.0
531863,40432000.0
950766,19253000.0
1308545,17444700.0
1308546,2500000.0
1308547,2500000.0
1076880,37806100.0
486290,34427900.0
922149,19282100.0
965610,31328800.0
1179394,2500000.0
321159,38373000.0
919230,26850900.0
1055696,2500000.0
962053,37294400.0
1260010,29273000.0
1091783,17950300.0
950758,14766600.0
1027618,37789900.0
1125511,2500000.0
629853,5000000.0
910304,51484200.0
1149614,51391000.0
1125510,51391000.0
1038830,35414500.0
981044,39282700.0
981755,35026100.0
717635,6754600.0
748510,6754600.0
1108183,6894100.0
1374412,6879900.0
1172437,31106000.0
1133836,29988400.0
869966,62133100.0
992509,62133100.0
1182001,62133100.0
566271,100000000.0
799424,2500000.0
878645,148631200.0
922095,29298500.0
1165667,25664700.0
834225,37560800.0
602545,47516900.0
1089061,269657100.0
1142525,37328500.0
526276,21340800.0
833747,28295800.0
825474,29330600.0
267121,65200800.0
1089043,26978100.0
297571,10000000.0
1089042,26164700.0
845313,31804600.0
339023,22500000.0
1198177,10895600.0
949891,2500000.0
1088322,15957400.0
1152029,41789100.0
1112127,44215500.0
1246655,43675700.0
993967,43675700.0
470241,40000000.0
993970,42322800.0
994424,38830100.0
464828,33857400.0
1181866,36075300.0
1275795,33976300.0
629642,35000000.0
492634,100000000.0
1126311,2500000.0
1352760,48326400.0
1183103,2500000.0
1126316,52655600.0
1135987,20137700.0
867174,10000000.0
1126314,2500000.0
1126306,2500000.0
901831,13905300.0
1315173,14389900.0
1039485,14941900.0
342894,10000000.0
938043,37701400.0
1076134,28623900.0
896130,28575600.0
1076153,28715600.0
871201,31517400.0
848160,37722900.0
1306550,2500000.0
1321011,21942100.0
1162045,10276300.0
1226877,26941000.0
1226876,26941000.0
941401,23490100.0
1018618,21620100.0
455216,24682500.0
1369243,24013500.0
1263623,25536200.0
1263854,30950800.0
1263852,24635500.0
1008755,97093500.0
898020,7500000.0
990789,116581000.0
344069,1200000000.0
860047,54629400.0
980155,5000000.0
1283668,33750200.0
453742,50000000.0
711866,36527800.0
1260733,38785900.0
1178096,63934000.0
990132,37176700.0
898809,36239600.0
1238127,2500000.0
1178095,24435500.0
1193194,38132600.0
1236339,38785900.0
307519,100000000.0
212391,100000000.0
230014,250000000.0
237051,150000000.0
119557,250000000.0
693637,100000000.0
1193450,21986400.0
1190507,21958300.0
584105,40000000.0
1088772,22362000.0
352365,25100100.0
1207946,23841600.0
860752,23784300.0
1006349,23618200.0
923951,14966900.0
1023661,25019500.0
1140897,2500000.0
801413,37916900.0
859361,15669600.0
564981,37736100.0
354293,19713700.0
1119525,19640400.0
657463,23334100.0
347623,49080100.0
861162,2500000.0
935193,81253600.0
654354,19901900.0
949333,36109900.0
1346229,27193100.0
831288,11500000.0
1140898,27817200.0
897401,106942100.0
1296191,2500000.0
605268,800000000.0
796798,90560100.0
674730,37901100.0
898941,33984200.0
1102810,37612700.0
857429,42745400.0
371258,117684700.0
629172,28559100.0
1122118,2500000.0
1122408,2500000.0
999488,2500000.0
1139963,22764900.0
1360870,2500000.0
1123740,22983900.0
915884,28485100.0
1123595,28420900.0
881782,23072400.0
602866,28492100.0
881797,28176100.0
1123469,27144900.0
909029,2500000.0
909070,22751900.0
1122407,2500000.0
1256598,2500000.0
1359189,2500000.0
1360869,2500000.0
1370421,2500000.0
571376,28437600.0
1335609,2500000.0
1174108,2500000.0
1335608,2500000.0
910919,24820600.0
1244942,2500000.0
615327,28456600.0
606149,28426100.0
1172694,39470000.0
953214,23279400.0
1122811,28239700.0
1123473,28611500.0
1123490,27908400.0
881792,32796800.0
1173641,2500000.0
1173642,22852100.0
1174107,2500000.0
909028,2500000.0
1122119,2500000.0
1174106,2500000.0
1210260,27800500.0
1123598,27800500.0
984017,25576300.0
694507,300000000.0
680683,36294500.0
1141363,37779900.0
863114,31007800.0
976293,36539400.0
1058450,40070400.0
1130043,29516400.0
554986,34484000.0
1219950,32465400.0
642990,37956800.0
688688,38817900.0
1004820,37836200.0
976306,33630800.0
517724,37187400.0
802552,35294400.0
639970,34077000.0
999992,15613800.0
902023,30326900.0
1264129,15613800.0
1347659,2500000.0
1369314,22047200.0
1371726,2500000.0
1045857,73230700.0
1153414,12633300.0
1343880,12551100.0
1140611,24839300.0
1299857,27383600.0
1305669,27383600.0
728645,13468300.0
822397,12450000.0
204280,17901500.0
943033,12526300.0
205937,5000000.0
940955,24013400.0
896506,21749200.0
927025,23371200.0
695204,41853000.0
1337176,20289200.0
334050,15000000.0
875813,43274400.0
1072525,46523700.0
1278856,7500000.0
935082,98828500.0
1298557,51841800.0
1201243,55197100.0
935101,38484400.0
1289455,17457600.0
1268213,18825600.0
1335770,2500000.0
1314602,33528400.0
1112448,120533100.0
105456,70000000.0
490386,40000000.0
1162597,14054300.0
1030754,16406100.0
1380263,16406100.0
1001372,15765100.0
1159988,14054300.0
1153659,6595500.0
1377833,14054300.0
1284275,16117500.0
1377834,14054300.0
700653,27151900.0
1160416,16702900.0
1380264,14054300.0
1109086,8717600.0
1232993,8598000.0
1223463,2500000.0
866453,8744400.0
1020785,8744400.0
1233005,8601300.0
1075912,19669600.0
1318314,20168600.0
1075949,19664000.0
204198,300000000.0
1245903,8188200.0
902195,22613000.0
999251,2500000.0
1325766,2500000.0
972293,17755300.0
752582,25143600.0
999284,20005800.0
999279,2500000.0
902196,17969700.0
1325765,2500000.0
999274,2500000.0
532572,22464000.0
1205049,22816100.0
1209964,2500000.0
1205011,2500000.0
999276,2500000.0
1229316,2500000.0
1123497,23398000.0
1122908,2500000.0
881554,19963300.0
518815,22317500.0
375621,38168700.0
999270,22301600.0
1234189,2500000.0
1205015,22402800.0
909046,23732100.0
882012,22861900.0
1250974,22200500.0
882021,22042300.0
998101,15000000.0
1066250,2500000.0
92992,62248900.0
170407,57600400.0
531462,149702200.0
344004,26413900.0
691063,25918300.0
858524,27453500.0
353668,38324300.0
580514,39490900.0
186029,36980900.0
887413,59489300.0
741239,32340500.0
718546,25501300.0
692734,250000000.0
124732,90000000.0
1165818,261370600.0
1119868,238705400.0
628219,185072900.0
930703,265156900.0
1309467,2500000.0
1140157,14401600.0
439069,70000000.0
1239934,32377200.0
1119047,72699700.0
1145987,32604500.0
1123590,32377200.0
1296237,55277800.0
1121304,42594800.0
1153025,14232800.0
1381203,2500000.0
1111964,2500000.0
1102403,2500000.0
1373117,2500000.0
938141,13266400.0
1116274,15752100.0
1118898,2500000.0
1381204,2500000.0
1116289,16785400.0
1109954,13787800.0
1053852,41670500.0
1205850,42641300.0
874902,81904700.0
1079593,41018700.0
1192267,16250200.0
1372604,16935300.0
1190284,18703500.0
1233094,19526600.0
996601,61724200.0
1221003,64380000.0
1367180,25684100.0
187161,15000000.0
1304659,24167400.0
1370570,23571800.0
1249220,22283900.0
1370558,24808500.0
461919,16548900.0
247406,17420200.0
1367292,23324100.0
930341,14849100.0
1040177,37385700.0
1006999,15416000.0
1174078,5892100.0
460978,10000000.0
1216579,24299700.0
1072308,21696400.0
953247,22140900.0
1040543,16818700.0
396650,38046200.0
1369218,8322800.0
1006437,15604200.0
1013129,37425900.0
1228472,13602200.0
1064264,17317700.0
1365894,21522900.0
628493,15000000.0
446529,20000000.0
611174,15000000.0
1084350,53505700.0
1275586,2500000.0
525129,34299300.0
1027222,169912200.0
796948,41869100.0
972129,19694900.0
1165768,16476300.0
510261,39855000.0
972117,22420400.0
413035,39770000.0
524657,100031200.0
804631,49611400.0
381250,5000000.0
920936,50391400.0
1114566,11051600.0
934327,34796400.0
1159662,21767700.0
1069532,10711100.0
989021,10955600.0
317742,7500000.0
1043720,10955600.0
1367178,5823800.0
1375559,8972800.0
357565,13000000000.0
816725,69845600.0
1183410,52747900.0
1311107,55343400.0
1058791,49167400.0
891757,53376200.0
1374093,12571300.0
1133342,12571300.0
40680,50000000.0
1319726,17410000.0
825668,21438800.0
300178,17500000.0
1284472,2500000.0
1371748,59316600.0
1328068,47095000.0
1033620,55480800.0
1344025,2500000.0
703448,18059000.0
1313679,16385800.0
1371266,16671300.0
995236,43350100.0
1112118,43350100.0
995233,42612300.0
624134,24442100.0
971717,2500000.0
1293849,21432400.0
1293850,21022800.0
1040122,22313800.0
1116367,2500000.0
1116387,34526500.0
1137980,46984500.0
1009441,42128900.0
954709,37275000.0
798377,45431700.0
550556,26684700.0
352729,33802000.0
1331033,20473700.0
890897,45244700.0
657259,28198400.0
503784,37902400.0
543783,37357100.0
1034184,38834800.0
918661,29908200.0
466673,25745100.0
1265114,22210000.0
747571,59583300.0
837156,19577000.0
1055226,58090400.0
1119072,42436500.0
1343812,2500000.0
926455,22732600.0
1231402,20698500.0
1351860,2500000.0
1267001,20698500.0
685434,36640100.0
810851,16803700.0
1028085,8323100.0
1039312,4375000.0
917473,8670900.0
1331286,27489000.0
536373,90179700.0
812469,39115700.0
857547,98460500.0
808833,37592900.0
709998,20000000.0
1018922,208158000.0
1225050,26446000.0
1225054,25263800.0
1120841,25596400.0
655723,17500000.0
536698,26374500.0
1056062,24837900.0
365112,25000000.0
1223857,52763300.0
917023,10184300.0
800590,7461100.0
689417,22074700.0
982569,28774400.0
976043,23905700.0
49501,15000000.0
976024,24876600.0
914218,26258000.0
1203734,29881300.0
1312611,30816900.0
396165,52765900.0
969140,68123600.0
1063676,32588400.0
807209,1000000.0
960458,45604100.0
1226513,16749400.0
1097491,15801500.0
396546,13506200.0
293753,15281500.0
1271107,12518000.0
919896,15514300.0
170655,13705000.0
1228817,13575400.0
1010954,10583200.0
1136024,13600400.0
1043681,13566100.0
60626,14241900.0
60635,12719900.0
468263,11319500.0
1165737,37366000.0
932875,37088200.0
1038647,11744900.0
1241240,12430900.0
1068233,16928400.0
86863,1000000.0
565832,17500000.0
1315386,18535100.0
1372405,18423800.0
1126217,2500000.0
1291255,65988200.0
1131911,18076900.0
916585,57885800.0
1024050,66437600.0
1126215,2500000.0
1308633,69265300.0
624268,33877400.0
964560,118502800.0
1047256,58981300.0
936867,87692600.0
1100537,23040000.0
692184,37307700.0
1178872,18214400.0
862749,16615200.0
534502,2500000.0
1116186,17890300.0
357257,37333600.0
1060297,17906900.0
1164609,17056200.0
1164607,18467600.0
1267416,18207900.0
947560,16510000.0
629391,13945900.0
901354,18182400.0
631847,17628100.0
927459,10682000.0
1015873,4640800.0
984387,6102900.0
1122357,4634700.0
1122358,4634700.0
1135136,4719200.0
95802,17500000.0
1380765,2500000.0
1354563,13510200.0
1210724,13510200.0
1271200,11584300.0
1103319,13104100.0
923515,55748400.0
1163330,25078800.0
1232515,13697500.0
1185791,13363400.0
1144313,6659100.0
829760,8998800.0
1172230,10838300.0
1232513,10460400.0
918370,11928700.0
1292583,10533800.0
1292584,12026700.0
830056,13490900.0
1172232,2500000.0
728210,16671000.0
925050,10444300.0
917053,32551400.0
1174961,11126600.0
447830,37609800.0
1149037,17694800.0
1174963,10791400.0
1172296,6504800.0
1153782,14369100.0
1244215,15186900.0
1272761,37754800.0
300538,400000000.0
990261,21013900.0
1121933,15616100.0
1047117,21013900.0
1198552,15616100.0
1092429,78447900.0
460830,30000000.0
1374238,2500000.0
1135201,10000000.0
1373350,30454000.0
924339,61074400.0
810846,5000000.0
482141,200000000.0
1078350,24520000.0
997007,19855900.0
870279,29040000.0
1378106,37590100.0
1199647,18482800.0
940555,55882600.0
346735,5000000.0
1111660,40000000.0
914998,30855400.0
343954,10000000.0
912706,100000000.0
1153266,2500000.0
1366691,57697400.0
1219188,22219600.0
1152201,13376700.0
1152200,2500000.0
1295134,14582000.0
1220741,13462500.0
700687,10000000.0
1174831,22062200.0
1084988,36168700.0
1041555,25000000.0
940209,14105500.0
524097,10939200.0
1171201,11681900.0
1171208,12031900.0
1171206,2500000.0
950214,38572200.0
745591,87492800.0
726012,150594900.0
925401,118209100.0
953350,22239400.0
1057345,22233000.0
1045986,22480100.0
1161130,23700800.0
1074524,22041500.0
947128,22256600.0
1084638,27593700.0
1057344,22308300.0
1078750,20712100.0
905900,22992900.0
995509,22233000.0
1074523,22308300.0
1042474,33630500.0
995480,20529800.0
1042450,22476400.0
1169839,21698500.0
1080555,22233000.0
1179107,22248500.0
1042472,22308300.0
1025918,22170900.0
1160023,26153800.0
934252,13298100.0
1103917,2500000.0
746631,36770000.0
1146811,9831200.0
1364959,41688000.0
1318693,40773300.0
1079477,33700600.0
1309682,41537200.0
926474,40479600.0
965993,37472800.0
1144524,19080800.0
829272,17816200.0
1205076,14174800.0
1063224,15131100.0
927007,76197600.0
924085,17566700.0
535431,10519900.0
932375,15633700.0
1023471,12697300.0
924086,17792200.0
829254,77604500.0
798093,16481900.0
924089,54755200.0
815049,53675900.0
924088,50193800.0
1057742,9433300.0
924064,17792200.0
1138230,20072900.0
424010,39300600.0
1071577,37025800.0
268692,16594000.0
343393,36959100.0
904919,15751600.0
293744,36689700.0
1380738,14343900.0
363226,17188400.0
520349,14599800.0
428282,2500000.0
1044542,36922700.0
562334,16857100.0
1082029,18265500.0
611643,21211500.0
935617,20052800.0
1022425,22240400.0
645455,26626000.0
289539,39575700.0
818105,26486000.0
702628,27124700.0
1000987,27124700.0
858239,22769000.0
474475,24910700.0
831304,41841800.0
927565,28940600.0
393023,38581000.0
702625,29849000.0
785057,23634200.0
103444,10000000.0
1015872,15736400.0
865598,15831000.0
1067618,12751000.0
940416,12304100.0
1235060,11161000.0
548998,74258600.0
808976,29073100.0
896947,27923700.0
531500,37665700.0
1041558,22302700.0
1268475,3907600.0
902625,37752800.0
1270371,9382300.0
823870,53779300.0
423250,37756900.0
922069,47705200.0
1044859,27117300.0
680626,27701600.0
1093068,2500000.0
124500,20402300.0
800947,37795800.0
805250,26331100.0
196053,11524700.0
215900,37160300.0
1149645,27022400.0
800951,59453200.0
829264,38293800.0
685450,32989700.0
809866,22767100.0
608846,26736200.0
821775,19732400.0
696237,37425000.0
1311895,19130400.0
471903,41404100.0
1200189,25256300.0
879372,32932600.0
1046862,29261400.0
718253,47309300.0
419183,39072500.0
646974,53327900.0
906428,86303700.0
534559,44241700.0
1004334,33936700.0
928307,34475800.0
839443,29814700.0
1366184,37779400.0
1187308,37031600.0
426179,10000000.0
848465,22701600.0
181268,19492500.0
518222,15422100.0
719676,24607400.0
743556,20809800.0
536536,18463200.0
1055370,24479100.0
567112,35905800.0
686033,24797400.0
845246,12416900.0
1038192,15775400.0
939233,25496100.0
923693,15104300.0
1255754,30776500.0
1172441,61903100.0
1336088,2500000.0
855890,17500000.0
158702,10000000.0
106676,15000000.0
575908,5000000.0
524881,23361200.0
589090,24206000.0
776079,27631200.0
564674,58772700.0
563306,31875900.0
550668,36877200.0
662539,35180500.0
1045518,20585600.0
803390,38353900.0
923345,22624700.0
909791,25822900.0
930986,42168500.0
646706,47481000.0
273879,65000000.0
1051854,37970700.0
1051592,48951200.0
1296526,47524300.0
948108,70000000.0
1296525,24246400.0
570165,40000000.0
1182665,91489200.0
905208,33021400.0
623916,31375500.0
1279297,33797600.0
531277,280000000.0
1083087,37996700.0
869438,32964000.0
1236920,2500000.0
652960,36029900.0
1112218,14055100.0
1032311,14831600.0
